{
	"partitions" : [
		{
			"name" : "Top",
			"pins" : [
				{
					"name" : "out_pc[0]",
					"strict" : false
				},
				{
					"name" : "out_pc[1]",
					"strict" : false
				},
				{
					"name" : "out_pc[2]",
					"strict" : false
				},
				{
					"name" : "out_pc[3]",
					"strict" : false
				},
				{
					"name" : "out_pc[4]",
					"strict" : false
				},
				{
					"name" : "out_pc[5]",
					"strict" : false
				},
				{
					"name" : "out_pc[6]",
					"strict" : false
				},
				{
					"name" : "out_pc[7]",
					"strict" : false
				},
				{
					"name" : "out_extensordesinal[0]",
					"strict" : false
				},
				{
					"name" : "out_extensordesinal[1]",
					"strict" : false
				},
				{
					"name" : "out_extensordesinal[3]",
					"strict" : false
				},
				{
					"name" : "ENOIS[0]",
					"strict" : false
				},
				{
					"name" : "ENOIS[1]",
					"strict" : false
				},
				{
					"name" : "ENOIS[2]",
					"strict" : false
				},
				{
					"name" : "ENOIS[3]",
					"strict" : false
				},
				{
					"name" : "ENOIS[4]",
					"strict" : false
				},
				{
					"name" : "ENOIS[5]",
					"strict" : false
				},
				{
					"name" : "ENOIS[6]",
					"strict" : false
				},
				{
					"name" : "ENOIS[7]",
					"strict" : false
				},
				{
					"name" : "out_opcode[0]",
					"strict" : false
				},
				{
					"name" : "out_opcode[1]",
					"strict" : false
				},
				{
					"name" : "out_opcode[2]",
					"strict" : false
				},
				{
					"name" : "QUEVOA[0]",
					"strict" : false
				},
				{
					"name" : "QUEVOA[1]",
					"strict" : false
				},
				{
					"name" : "QUEVOA[2]",
					"strict" : false
				},
				{
					"name" : "QUEVOA[3]",
					"strict" : false
				},
				{
					"name" : "QUEVOA[4]",
					"strict" : false
				},
				{
					"name" : "QUEVOA[5]",
					"strict" : false
				},
				{
					"name" : "QUEVOA[6]",
					"strict" : false
				},
				{
					"name" : "QUEVOA[7]",
					"strict" : false
				},
				{
					"name" : "BRUXAO[0]",
					"strict" : false
				},
				{
					"name" : "BRUXAO[1]",
					"strict" : false
				},
				{
					"name" : "BRUXAO[3]",
					"strict" : false
				},
				{
					"name" : "BRUXAO[4]",
					"strict" : false
				},
				{
					"name" : "BRUXAO[5]",
					"strict" : false
				},
				{
					"name" : "BRUXAO[6]",
					"strict" : false
				},
				{
					"name" : "BRUXAO[7]",
					"strict" : false
				},
				{
					"name" : "out_mux1[0]",
					"strict" : false
				},
				{
					"name" : "out_mux1[1]",
					"strict" : false
				},
				{
					"name" : "out_mux1[2]",
					"strict" : false
				},
				{
					"name" : "out_mux1[3]",
					"strict" : false
				},
				{
					"name" : "out_mux1[4]",
					"strict" : false
				},
				{
					"name" : "out_mux1[5]",
					"strict" : false
				},
				{
					"name" : "out_mux1[6]",
					"strict" : false
				},
				{
					"name" : "out_mux1[7]",
					"strict" : false
				},
				{
					"name" : "out_mux2[0]",
					"strict" : false
				},
				{
					"name" : "out_mux2[1]",
					"strict" : false
				},
				{
					"name" : "out_mux2[2]",
					"strict" : false
				},
				{
					"name" : "out_mux2[3]",
					"strict" : false
				},
				{
					"name" : "out_mux2[4]",
					"strict" : false
				},
				{
					"name" : "out_mux2[5]",
					"strict" : false
				},
				{
					"name" : "out_mux2[6]",
					"strict" : false
				},
				{
					"name" : "out_mux2[7]",
					"strict" : false
				},
				{
					"name" : "out_mux3[0]",
					"strict" : false
				},
				{
					"name" : "out_mux3[1]",
					"strict" : false
				},
				{
					"name" : "out_mux3[2]",
					"strict" : false
				},
				{
					"name" : "out_mux3[3]",
					"strict" : false
				},
				{
					"name" : "out_mux3[4]",
					"strict" : false
				},
				{
					"name" : "out_mux3[5]",
					"strict" : false
				},
				{
					"name" : "out_mux3[6]",
					"strict" : false
				},
				{
					"name" : "out_mux3[7]",
					"strict" : false
				},
				{
					"name" : "out_mux4[0]",
					"strict" : false
				},
				{
					"name" : "out_mux4[1]",
					"strict" : false
				},
				{
					"name" : "out_mux4[2]",
					"strict" : false
				},
				{
					"name" : "out_mux4[3]",
					"strict" : false
				},
				{
					"name" : "out_mux4[4]",
					"strict" : false
				},
				{
					"name" : "out_mux4[5]",
					"strict" : false
				},
				{
					"name" : "out_mux4[6]",
					"strict" : false
				},
				{
					"name" : "out_mux4[7]",
					"strict" : false
				},
				{
					"name" : "out_branch",
					"strict" : false
				},
				{
					"name" : "out_zero",
					"strict" : false
				},
				{
					"name" : "out_ula_result[0]",
					"strict" : false
				},
				{
					"name" : "out_ula_result[1]",
					"strict" : false
				},
				{
					"name" : "out_ula_result[2]",
					"strict" : false
				},
				{
					"name" : "out_ula_result[3]",
					"strict" : false
				},
				{
					"name" : "out_ula_result[4]",
					"strict" : false
				},
				{
					"name" : "out_ula_result[5]",
					"strict" : false
				},
				{
					"name" : "out_ula_result[6]",
					"strict" : false
				},
				{
					"name" : "out_ula_result[7]",
					"strict" : false
				},
				{
					"name" : "clock",
					"strict" : false
				}
			]
		}
	]
}